project_id,risk_overall,risk_environment_and_social,risk_fiduciary,risk_institutional_capacity,risk_macroeconomic,risk_political_and_governance,risk_sector_strategies_and_policies,risk_stakeholders,risk_technical_design,risk_rating_sequence
P049290,4,4,3,4,3,3,3,3,1,9
P054221,3,2,3,3,3,2,3,2,2,18
P064836,3,1,3,2,2,3,2,1,2,24
P069063,2,1,2,2,3,3,2,2,2,28
P071250,3,2,2,3,1,2,3,3,2,16
P074091,3,2,3,3,3,3,3,2,1,13
P074191,3,1,2,2,3,3,3,3,1,17
P074595,4,4,3,4,4,4,4,4,3,28
P075941,4,4,2,4,1,4,1,4,4,7
P079032,2,2,3,2,3,3,2,2,2,18
P079736,4,3,3,4,4,4,3,4,3,19
P083108,2,2,2,3,2,3,3,2,2,21
P083325,3,2,3,3,2,3,2,2,2,22
P083813,3,3,3,3,2,3,1,2,2,15
P084302,2,2,3,2,3,3,2,1,1,20
P084773,2,2,2,2,2,2,1,2,1,13
P085009,3,2,2,3,2,3,3,2,3,22
P085375,2,1,2,2,2,2,1,1,1,16
P085621,3,2,2,3,1,3,2,1,1,8
P086592,3,2,2,3,2,3,2,2,2,8
P086660,2,1,1,3,2,2,3,1,1,13
P086768,2,3,1,2,1,3,1,1,2,19
P087140,2,3,4,4,2,3,1,2,2,15
P087304,3,4,2,3,2,3,3,3,4,15
P088520,3,2,3,2,1,1,1,2,2,13
P088759,3,1,2,2,1,2,2,2,3,14
P088799,3,2,4,3,1,3,1,2,1,21
P088926,2,2,2,2,2,2,3,2,2,14
P088966,2,2,1,2,3,2,2,2,2,17
P089733,2,1,1,1,2,2,2,1,1,15
P089985,2,2,1,2,1,1,1,1,1,14
P090157,3,2,1,3,2,1,1,1,1,15
P090644,4,2,4,4,3,4,3,4,2,16
P090712,3,1,2,3,3,3,2,1,2,15
P090723,2,2,2,3,1,1,2,1,2,12
P090807,2,1,3,3,2,4,2,2,1,15
P090990,2,2,3,2,2,2,2,1,2,11
P091031,3,3,2,3,1,2,2,3,3,15
P091092,4,2,4,3,3,4,3,3,3,16
P091258,2,1,2,1,3,2,1,1,1,17
P092217,3,3,3,3,3,3,2,3,2,12
P092218,2,3,1,2,2,3,3,2,2,13
P092353,4,4,3,4,2,4,1,3,3,22
P092429,2,1,1,1,2,2,1,1,1,13
P092537,4,3,3,3,3,4,3,3,3,14
P092724,3,3,2,2,3,4,2,1,2,13
P093132,2,1,1,1,2,2,2,1,2,19
P093719,3,1,2,3,2,2,1,3,3,16
P093765,2,2,2,2,2,3,2,1,1,17
P093775,2,1,2,2,2,3,2,2,2,17
P093806,3,2,3,3,2,2,2,2,2,20
P094183,2,2,4,3,2,2,2,2,3,7
P094755,4,1,2,3,4,4,2,2,1,14
P094919,2,2,3,2,2,2,2,2,1,11
P095003,4,2,4,4,4,4,3,2,3,10
P095091,3,3,3,3,3,3,3,3,3,14
P095129,3,2,3,2,2,3,3,2,2,16
P095171,2,2,2,2,2,2,1,2,1,15
P095210,2,2,1,1,2,3,2,1,1,15
P095232,1,1,1,1,1,1,1,1,1,12
P095235,4,4,4,2,2,2,3,4,4,17
P095485,2,2,2,2,2,2,1,1,1,14
P095673,2,1,2,2,2,2,1,1,1,17
P095965,3,1,3,3,2,3,2,1,1,18
P095977,3,2,2,2,3,4,2,1,1,17
P096018,2,3,2,2,2,2,1,2,2,12
P096021,3,3,2,3,2,2,2,1,2,20
P096124,3,3,2,2,2,2,2,3,2,14
P096302,3,2,2,3,3,3,2,1,1,14
P096360,2,1,1,3,3,2,2,1,2,18
P096367,3,2,2,2,2,3,2,4,2,18
P096481,1,1,1,2,2,2,1,1,1,20
P096532,3,3,3,2,2,2,3,3,3,14
P096572,4,2,2,2,3,4,3,2,2,19
P096931,3,1,3,4,2,4,3,1,1,15
P096965,4,4,3,4,2,4,2,3,2,20
P097026,3,1,3,3,4,3,2,1,2,12
P097201,4,2,4,4,1,3,2,1,2,20
P097985,3,2,3,3,3,3,3,2,2,14
P098151,3,2,3,2,2,3,3,2,2,15
P098423,2,1,2,1,1,1,1,2,1,16
P098459,2,2,2,2,1,2,1,2,2,16
P098538,2,2,3,2,3,3,1,2,2,13
P099047,3,1,2,3,2,2,2,1,3,19
P099270,2,2,1,2,2,2,2,1,1,18
P099296,2,2,1,2,3,4,2,2,1,20
P099626,2,2,3,3,1,1,1,1,2,11
P099895,3,1,3,3,2,2,2,1,2,17
P099930,2,3,2,3,3,1,2,1,1,19
P099979,4,1,3,4,1,2,1,4,4,12
P100047,2,2,2,2,2,2,2,1,1,17
P100101,2,2,2,2,2,2,2,2,3,16
P100198,3,1,4,3,1,1,1,1,2,13
P100304,3,1,2,3,2,4,2,1,3,10
P100311,3,2,3,3,2,3,1,2,2,12
P100406,2,2,3,3,1,2,2,2,3,14
P100530,1,1,1,1,1,2,2,1,1,14
P100954,2,2,2,2,2,2,2,2,2,15
P101103,3,2,2,3,2,3,3,2,1,19
P101190,2,1,1,2,2,2,1,1,1,19
P101209,3,2,3,3,2,2,2,2,1,21
P101214,3,1,2,4,4,4,4,2,1,18
P101289,4,1,4,3,4,4,2,2,2,10
P101336,2,2,3,2,2,2,2,2,2,13
P101414,3,1,2,2,2,3,3,3,3,10
P101415,2,1,2,2,2,2,1,1,1,11
P101473,3,3,2,3,1,3,1,1,2,21
P101504,1,1,1,2,3,3,2,1,1,13
P101508,4,1,3,3,4,4,1,1,3,15
P101525,4,3,2,4,1,1,3,2,3,7
P101578,4,3,3,4,3,3,1,4,3,8
P101650,3,2,2,3,2,3,2,1,1,16
P101745,4,4,3,4,3,4,3,2,3,17
P102000,2,3,2,3,3,3,2,2,2,12
P102329,2,1,2,2,1,1,1,2,1,17
P102330,3,2,2,3,1,3,2,2,2,15
P102365,4,2,1,2,2,2,1,1,2,18
P102368,2,3,1,3,1,1,2,2,2,17
P102459,3,3,2,3,2,3,2,2,4,13
P102624,2,2,2,2,1,2,1,1,2,12
P102627,4,1,4,4,1,4,4,4,4,10
P102733,3,2,3,3,2,3,3,3,3,8
P103037,3,3,3,2,2,2,2,2,2,12
P103063,4,3,2,3,4,4,3,2,3,15
P103238,2,2,2,2,2,1,1,2,2,14
P103499,3,2,3,4,3,4,3,2,3,13
P103974,2,1,2,2,3,2,2,1,2,16
P103999,3,2,3,3,2,3,3,2,2,13
P104164,2,2,2,2,2,2,2,2,2,14
P104525,2,1,2,2,2,2,2,2,2,20
P104687,3,2,2,3,1,3,2,2,2,15
P104806,3,2,3,3,2,2,3,3,2,10
P104881,3,2,3,3,2,3,2,2,2,16
P105024,2,1,3,3,3,2,2,2,3,19
P105101,3,2,3,3,4,3,2,2,2,13
P105269,4,2,4,3,2,4,2,2,2,8
P105311,2,1,2,3,1,1,1,2,2,11
P105680,4,3,4,3,3,4,2,3,4,17
P105860,2,2,3,3,2,2,2,2,2,21
P106161,3,2,3,3,3,3,2,1,2,17
P106172,3,2,2,2,3,4,4,2,2,15
P106216,2,2,3,2,2,4,2,2,1,18
P106235,3,3,3,2,1,1,3,3,1,11
P106259,3,1,3,3,4,4,2,1,2,20
P106261,2,1,2,1,2,1,2,1,1,18
P106284,2,1,1,1,2,3,2,3,2,19
P106390,3,3,2,2,2,2,2,3,3,15
P106685,2,2,2,2,3,3,2,2,2,4
P106735,2,2,2,3,2,2,2,2,2,12
P106752,2,1,1,2,2,1,1,1,1,18
P106909,2,1,1,1,2,3,1,1,1,16
P106975,3,3,2,4,3,2,2,2,2,14
P106982,2,2,3,2,2,3,2,1,1,11
P107137,2,2,2,3,1,2,2,1,1,14
P107146,3,2,2,4,2,2,1,2,2,17
P107159,3,2,3,3,2,2,1,2,2,13
P107314,3,3,3,3,2,2,2,2,3,10
P107343,4,2,3,3,4,4,2,2,2,11
P107350,2,2,1,2,2,2,2,2,2,10
P107473,2,1,1,1,2,2,1,1,1,14
P107598,2,1,2,2,2,1,1,1,1,11
P107617,2,1,2,2,3,2,2,2,1,11
P107648,2,2,3,2,1,2,2,1,2,14
P107649,2,3,2,2,1,2,2,2,2,15
P107722,3,2,3,3,2,2,2,3,3,9
P107782,3,2,3,3,2,3,2,2,2,11
P107992,1,1,1,2,2,2,1,1,1,17
P107998,2,2,2,3,2,2,2,2,2,17
P108005,2,2,2,2,2,2,1,1,1,16
P108023,2,1,2,2,3,2,2,2,1,16
P108143,3,2,2,4,3,4,2,2,2,14
P108440,2,1,2,3,2,4,4,2,2,13
P108443,2,1,2,2,3,3,1,1,2,14
P108654,2,2,2,2,2,2,2,1,2,13
P109224,3,2,3,3,2,3,3,2,2,13
P109736,3,2,1,3,2,3,3,3,2,12
P109961,2,2,1,2,2,3,2,1,1,19
P110051,1,1,2,1,1,2,2,2,1,13
P110075,1,1,1,2,1,1,1,1,1,13
P110099,3,1,2,3,2,3,3,2,3,22
P110156,3,2,3,3,2,3,2,2,2,12
P110371,2,4,2,3,1,1,1,3,1,20
P110481,2,1,2,2,1,1,1,1,1,11
P110599,2,1,2,2,2,2,2,2,1,13
P110679,2,1,2,2,3,3,2,2,1,17
P110693,3,1,3,3,2,2,3,3,4,11
P110959,3,3,3,3,2,3,3,1,3,11
P111034,3,4,3,2,1,2,3,3,2,11
P111153,3,3,3,3,2,2,2,1,2,15
P111155,3,3,2,3,2,3,3,2,3,12
P111272,2,3,2,2,3,3,2,2,1,17
P111394,2,1,2,2,3,4,2,2,2,12
P111421,3,3,3,3,2,1,1,3,3,11
P111432,2,2,2,2,2,2,2,2,2,14
P111479,3,3,3,3,1,2,1,3,2,12
P111545,3,1,3,2,2,3,3,1,2,17
P111548,3,3,2,3,2,2,2,1,2,14
P111556,3,3,3,3,2,4,2,2,3,15
P111567,2,2,3,3,2,2,1,2,1,14
P111577,3,2,3,3,2,2,2,3,2,10
P111592,3,1,2,2,3,3,2,3,1,14
P111669,2,3,2,2,2,2,2,1,2,10
P111760,3,2,3,4,1,2,2,1,2,11
P111795,2,1,2,2,2,2,2,3,2,14
P111840,3,2,3,3,3,3,2,2,2,14
P111942,2,1,1,2,3,2,2,1,2,9
P112033,2,1,2,3,1,2,2,1,1,17
P112073,3,1,1,2,3,3,3,2,2,11
P112074,2,2,3,3,3,2,2,2,2,11
P112158,4,4,4,4,1,4,1,2,2,11
P112526,2,1,3,2,2,3,1,2,1,13
P112600,3,1,3,4,1,4,2,3,4,18
P112611,3,2,4,4,2,4,2,1,2,9
P112613,3,2,4,4,2,3,2,2,3,7
P112615,2,2,3,3,2,2,1,2,2,11
P112626,1,1,2,1,1,1,1,1,1,12
P112684,2,1,2,3,1,1,1,3,3,17
P112712,1,1,2,1,1,1,1,2,1,19
P112719,3,2,3,3,1,3,2,1,2,13
P112780,2,1,1,2,2,2,2,2,1,11
P112838,3,1,2,3,2,1,4,1,2,11
P112872,4,1,4,3,3,4,4,3,2,14
P112901,2,2,2,2,4,4,2,2,2,10
P112902,2,2,2,1,1,2,1,1,1,12
P113078,2,2,2,3,1,1,1,1,2,10
P113102,4,1,3,3,4,4,3,2,1,16
P113145,2,2,1,2,1,2,2,1,1,12
P113151,2,2,2,2,2,2,2,2,3,10
P113167,1,1,2,2,1,2,2,1,1,11
P113184,2,1,2,3,2,1,1,2,1,10
P113266,4,4,4,4,4,4,4,4,2,8
P113273,1,1,1,1,2,2,1,2,1,11
P113349,2,2,2,2,2,3,2,2,2,13
P113350,3,1,2,3,2,3,2,3,2,9
P113416,3,3,2,4,3,2,2,2,2,15
P113421,3,1,3,3,3,3,3,3,2,12
P113435,2,1,3,3,2,3,2,3,2,10
P113488,2,2,2,2,2,2,2,1,2,11
P113493,2,1,2,2,2,2,2,2,2,11
P113542,4,2,3,3,2,3,4,2,2,13
P113586,4,1,4,4,4,4,1,4,3,13
P113629,3,2,3,4,1,3,1,2,3,6
P113794,2,2,2,2,2,3,2,2,3,8
P113844,3,3,2,1,2,2,1,3,2,10
P113904,2,2,2,2,2,1,1,1,2,11
P113971,2,2,2,1,2,3,2,1,2,5
P114042,3,1,2,3,3,3,2,1,2,11
P114069,3,2,2,3,2,1,1,1,2,11
P114077,3,3,2,2,2,3,3,2,1,11
P114204,2,1,2,3,3,3,1,1,3,13
P114236,2,1,3,2,2,2,2,2,1,13
P114264,3,3,3,2,2,2,2,2,1,10
P114294,3,3,2,3,2,2,2,3,2,4
P114338,3,3,2,2,1,1,2,1,1,14
P114348,2,2,2,3,1,2,2,1,2,11
P114827,2,2,1,2,2,1,1,1,2,8
P114841,4,1,1,4,1,2,1,2,3,11
P114859,3,2,3,3,2,3,3,2,3,8
P114931,1,1,1,1,3,1,1,2,1,14
P114949,3,3,3,4,2,3,4,3,3,7
P114963,2,2,2,2,1,2,2,2,2,10
P114971,2,2,1,3,1,3,3,1,1,13
P114987,2,2,2,3,2,2,2,1,2,10
P115247,1,1,1,2,3,2,1,1,1,13
P115351,3,2,3,3,1,2,2,3,2,10
P115386,4,3,3,4,4,3,4,3,4,12
P115464,2,1,1,2,3,1,2,2,1,9
P115561,2,3,2,2,1,1,1,2,2,9
P115566,1,1,1,1,1,1,2,2,2,16
P115592,3,2,3,3,3,4,3,2,2,13
P115695,3,1,1,2,3,1,1,1,3,12
P115761,2,2,2,2,1,1,1,2,2,6
P115763,2,2,1,2,1,1,2,2,2,7
P115767,3,2,3,2,3,4,3,2,2,12
P115886,2,2,2,2,2,2,2,2,2,12
P115893,3,3,3,2,2,3,3,3,2,11
P115954,3,2,2,3,2,2,2,2,3,10
P116170,2,2,1,2,1,2,2,1,2,14
P116194,2,2,2,2,2,2,2,1,1,14
P116199,3,2,2,2,2,4,2,2,1,11
P116230,3,3,3,4,1,2,1,3,3,7
P116323,3,2,3,3,2,4,2,4,2,9
P116398,2,3,3,1,2,2,3,1,1,12
P116410,4,3,2,4,3,2,3,4,4,13
P116602,3,3,3,3,2,3,2,2,2,11
P116696,3,1,2,2,3,3,3,2,2,12
P116748,2,3,2,3,3,2,2,1,1,9
P117082,3,3,3,3,2,3,2,3,3,15
P117103,3,2,3,2,3,4,3,2,2,14
P117157,1,1,2,2,1,1,1,1,1,12
P117242,3,1,1,2,3,3,2,2,2,14
P117243,3,1,2,3,2,2,3,1,2,9
P117275,3,2,2,3,4,4,4,2,3,14
P117293,2,2,1,2,1,2,2,1,2,12
P117318,4,4,2,4,1,3,2,4,4,9
P117323,2,3,2,3,2,2,2,1,2,12
P117341,3,4,2,2,1,1,1,2,1,7
P117355,4,3,2,2,2,2,2,1,1,12
P117365,3,2,2,1,3,4,2,1,1,13
P117394,3,1,2,3,2,2,2,3,3,8
P117407,2,2,1,2,3,2,2,1,2,8
P117443,4,1,3,3,4,4,3,3,2,13
P117449,4,4,4,4,3,4,3,3,4,4
P117596,3,1,2,2,1,2,2,3,3,10
P117617,3,2,3,4,3,3,2,2,3,11
P117635,3,3,3,3,2,3,2,3,2,7
P117656,2,2,2,1,1,1,1,2,2,11
P117731,4,4,2,2,2,2,2,3,2,8
P117745,3,2,3,2,3,2,2,2,2,15
P117764,3,2,3,3,2,3,3,2,2,9
P117871,2,4,3,2,2,1,1,1,2,11
P117947,3,2,1,3,1,1,2,2,3,12
P118018,3,2,3,2,2,3,2,3,3,10
P118023,3,2,2,3,3,2,2,2,3,16
P118028,3,1,4,3,3,4,3,3,3,10
P118045,2,2,2,2,3,2,2,2,2,13
P118053,3,2,3,3,3,4,2,2,2,10
P118064,2,1,1,1,2,1,2,1,2,11
P118109,3,3,2,3,2,3,2,3,2,12
P118150,1,1,1,2,1,1,1,1,1,12
P118177,3,2,2,2,3,3,3,2,2,10
P118187,3,1,3,3,2,3,3,2,1,13
P118196,3,2,3,4,3,3,3,2,2,11
P118197,2,2,3,3,1,2,2,1,2,10
P118213,3,2,3,3,4,2,4,3,3,8
P118316,2,2,2,3,1,3,2,2,3,11
P118518,2,1,1,1,3,3,2,2,1,9
P118561,3,3,3,3,3,4,2,3,2,14
P118597,3,3,2,4,1,1,2,2,3,10
P118610,2,2,2,2,2,2,2,2,2,13
P118647,2,2,2,1,2,1,2,2,1,11
P118737,2,1,2,3,2,2,2,1,3,10
P118783,2,2,2,2,3,2,1,1,1,9
P118806,2,2,2,2,2,2,2,2,2,10
P118826,2,2,2,2,2,3,1,1,1,6
P118858,2,1,2,2,3,1,1,2,1,9
P118904,3,1,2,3,2,3,3,1,3,8
P118916,2,2,2,1,1,1,1,2,2,9
P118974,2,1,2,2,1,2,1,2,2,11
P118979,3,2,2,2,3,3,3,2,2,10
P119039,2,2,1,2,1,1,2,2,3,9
P119047,3,1,3,3,4,4,4,3,3,10
P119063,3,3,2,2,3,3,2,2,2,9
P119071,4,4,2,3,2,1,1,1,4,10
P119077,2,2,3,2,2,2,1,1,2,13
P119085,3,2,3,2,2,2,3,2,3,14
P119090,3,3,2,2,1,1,3,2,3,13
P119307,2,1,1,2,3,4,1,1,1,11
P119308,2,2,3,2,1,2,3,2,2,7
P119343,4,3,2,4,2,3,3,3,4,6
P119355,3,2,3,3,3,3,2,3,2,11
P119432,1,1,1,2,1,2,1,1,2,11
P119471,3,4,3,3,2,3,2,3,3,11
P119662,4,4,3,4,2,3,1,4,3,12
P119737,3,3,2,3,2,2,3,1,2,11
P119815,3,1,3,4,3,4,4,2,2,11
P119893,2,2,2,2,2,3,3,1,2,8
P119917,1,1,1,1,2,3,1,1,1,11
P120005,2,2,2,2,4,4,3,1,2,10
P120014,3,2,2,3,2,3,2,2,2,5
P120026,3,2,2,3,3,2,3,3,2,12
P120139,2,1,2,2,2,2,1,1,2,12
P120161,3,4,2,3,3,2,2,3,2,15
P120198,3,3,2,2,2,3,3,2,2,14
P120211,2,2,2,1,2,2,2,2,1,12
P120219,2,1,2,2,3,2,2,2,3,13
P120304,4,4,4,4,4,4,4,3,3,8
P120338,2,1,1,2,3,3,1,1,1,14
P120370,2,2,2,2,2,3,2,2,2,9
P120397,3,2,4,4,4,3,3,2,3,9
P120398,3,2,3,3,3,4,3,1,1,11
P120427,3,1,3,3,3,3,3,2,2,12
P120435,4,4,3,4,3,4,3,3,2,9
P120517,2,1,2,2,1,1,1,1,1,11
P120561,2,3,3,2,2,3,2,2,1,9
P120583,3,3,3,4,2,3,2,2,3,7
P120629,1,1,2,2,1,1,1,1,1,12
P120636,2,2,2,3,2,2,1,2,3,12
P120707,3,2,3,2,3,3,2,2,2,11
P120788,4,1,2,4,2,2,3,3,4,10
P120798,2,1,2,1,3,2,1,1,1,11
P120825,2,3,2,3,2,3,2,2,2,9
P120830,3,2,2,4,3,2,1,2,3,11
P120836,2,1,2,2,2,2,2,1,2,14
P120843,2,3,3,3,2,3,2,1,2,14
P120895,3,2,3,2,3,4,3,2,2,12
P120913,2,1,1,3,1,3,1,2,2,13
P120960,3,2,2,3,3,4,3,3,2,10
P121019,2,4,2,2,2,2,2,2,1,9
P121116,2,1,2,2,2,1,1,1,1,10
P121152,2,3,2,2,2,2,2,2,1,9
P121167,3,2,3,3,3,2,2,2,2,11
P121185,2,2,2,3,2,1,2,2,2,8
P121186,3,2,2,3,2,3,2,3,2,9
P121271,3,3,3,3,1,3,1,3,2,10
P121289,3,2,2,3,1,1,1,2,2,10
P121414,3,2,3,2,3,3,1,2,2,10
P121455,4,3,4,3,4,4,3,3,3,10
P121492,3,1,3,3,1,3,2,3,3,12
P121495,2,2,2,2,4,2,2,2,2,9
P121507,4,4,3,3,3,3,3,3,3,6
P121514,4,1,3,4,4,4,3,2,2,11
P121515,2,1,2,2,1,1,2,1,1,15
P121528,2,1,2,3,2,3,2,2,2,13
P121611,2,1,2,3,2,3,1,2,2,12
P121648,4,4,4,4,4,4,2,4,2,7
P121673,3,2,2,4,2,3,2,2,2,11
P121731,3,2,2,4,2,3,2,3,3,10
P121755,3,2,3,4,3,4,3,1,2,11
P121774,2,1,1,2,3,2,3,2,2,12
P121836,3,3,3,3,3,3,3,3,2,13
P121842,3,1,3,3,2,3,2,2,3,8
P122007,3,3,3,3,2,2,2,2,2,11
P122008,2,1,2,2,1,1,1,1,1,10
P122039,2,1,2,2,3,3,1,2,1,11
P122065,2,1,2,2,2,2,2,2,1,11
P122096,3,3,3,3,1,2,2,3,3,12
P122123,3,1,3,3,4,2,2,1,2,13
P122124,4,2,3,3,3,4,2,3,2,7
P122139,4,4,3,3,1,1,3,4,2,6
P122151,4,2,3,4,3,2,3,3,1,13
P122153,2,3,2,3,3,3,3,2,2,8
P122178,2,1,2,3,2,2,1,1,2,8
P122194,2,1,1,2,1,1,3,2,2,10
P122201,2,1,2,2,1,2,2,2,2,9
P122204,1,2,2,2,1,1,1,1,2,9
P122219,2,1,1,2,1,2,1,2,1,13
P122229,4,2,4,3,4,4,4,3,3,5
P122233,3,1,3,3,2,3,2,3,2,9
P122235,3,2,3,2,4,4,3,3,3,12
P122269,3,2,2,3,2,3,3,3,2,10
P122319,3,2,1,1,2,1,1,1,1,11
P122320,2,2,2,2,2,3,1,3,2,9
P122329,3,2,2,4,3,2,3,2,4,9
P122383,2,2,2,2,1,2,2,2,2,2
P122398,2,1,1,1,2,3,1,1,2,11
P122402,2,2,2,3,2,3,2,2,2,11
P122406,3,3,4,4,2,2,2,3,4,5
P122419,2,2,2,2,2,2,2,2,2,13
P122476,3,1,2,3,2,3,3,3,2,11
P122478,3,1,3,3,3,3,3,3,2,10
P122486,2,1,2,1,1,1,1,1,2,11
P122540,3,3,3,3,2,4,1,2,3,6
P122546,2,1,3,2,2,3,2,2,2,11
P122616,2,1,2,2,2,2,2,2,2,11
P122629,2,3,2,2,1,1,3,2,2,8
P122692,2,1,1,2,2,1,1,1,1,12
P122694,3,1,3,3,4,2,3,2,1,10
P122700,3,1,2,3,4,3,1,2,3,8
P122735,4,4,2,4,2,2,2,4,2,11
P122764,2,2,2,2,1,2,3,2,2,9
P122770,1,2,1,1,1,1,1,1,1,8
P122776,3,3,2,3,3,2,2,2,3,12
P122785,2,1,2,2,2,2,1,1,1,11
P122812,2,2,2,2,2,3,3,2,2,7
P122826,3,2,3,2,2,4,2,2,2,7
P122841,3,2,2,3,2,2,3,2,2,9
P122916,2,1,2,2,3,2,1,2,1,7
P122943,2,2,2,3,2,3,2,2,2,11
P122944,1,1,2,1,2,2,1,1,1,13
P122950,2,2,1,1,1,4,1,2,1,8
P122998,3,1,3,2,3,3,1,2,3,7
P123093,3,3,3,3,3,4,4,4,3,8
P123112,3,3,3,3,2,3,2,2,2,6
P123128,3,1,1,3,2,1,1,2,2,11
P123133,3,3,3,3,2,1,3,1,3,10
P123134,3,3,3,3,2,2,3,2,3,5
P123146,2,2,2,1,2,2,1,1,1,9
P123151,3,1,1,2,1,1,2,4,2,9
P123201,2,2,2,2,3,2,1,1,2,11
P123204,1,3,3,1,1,2,1,2,1,9
P123315,3,2,2,3,2,4,2,2,2,11
P123323,3,2,2,3,1,2,2,2,3,8
P123384,3,3,3,2,2,3,2,2,2,9
P123394,3,2,3,4,4,4,4,3,3,9
P123399,3,1,3,2,3,3,1,1,2,11
P123447,2,2,2,2,2,2,1,2,2,11
P123503,2,1,3,1,3,4,2,1,1,8
P123513,3,2,2,3,4,3,3,3,2,6
P123673,2,1,2,2,2,2,1,2,3,11
P123706,3,2,3,3,3,3,3,2,2,8
P123729,2,2,2,2,2,1,1,1,2,9
P123760,2,1,2,1,2,2,2,2,2,10
P123820,2,1,1,3,2,1,1,1,1,11
P123828,3,2,3,3,2,3,2,3,2,11
P123845,4,1,3,4,4,4,4,4,2,13
P123879,2,1,2,3,2,1,2,3,2,8
P123900,3,2,3,3,3,4,2,1,1,10
P123923,4,1,3,3,3,3,2,4,3,11
P123933,1,1,1,1,1,1,1,1,1,5
P123960,3,2,2,3,3,2,2,2,3,7
P123961,2,2,2,2,2,2,2,1,2,7
P123974,3,2,3,3,4,4,3,3,3,10
P123994,3,1,2,3,2,2,2,1,1,7
P124015,2,1,3,3,2,2,2,2,2,9
P124018,4,3,4,3,3,3,4,4,3,7
P124045,2,2,3,2,2,2,2,2,2,9
P124085,3,2,2,3,3,2,3,3,2,10
P124109,3,2,2,1,3,3,3,1,1,12
P124134,3,2,4,4,3,4,2,2,2,11
P124181,1,1,1,1,1,1,1,1,1,11
P124268,3,2,3,2,3,3,2,2,1,12
P124341,2,1,2,2,3,1,3,2,1,12
P124351,2,2,3,4,2,2,2,1,1,9
P124614,3,2,2,3,2,2,3,2,3,12
P124625,3,1,1,3,2,2,2,2,1,6
P124639,2,2,1,2,1,2,1,2,1,13
P124648,2,2,2,2,3,2,2,1,1,10
P124715,3,3,3,3,3,3,3,2,3,9
P124720,4,4,4,4,4,4,2,3,4,8
P124775,3,3,2,3,1,4,3,2,2,10
P124848,2,3,2,2,2,1,2,2,2,9
P124905,4,2,4,3,4,3,2,3,2,9
P124942,3,3,3,3,3,3,3,1,3,8
P124978,3,2,2,3,3,2,2,3,3,10
P125021,2,2,2,2,1,1,1,1,2,9
P125022,2,1,1,2,1,1,1,2,1,10
P125024,3,3,2,3,4,4,3,2,3,7
P125032,3,2,3,3,2,3,3,2,2,14
P125120,1,1,1,1,2,2,1,1,1,8
P125127,3,2,2,2,4,3,2,4,2,14
P125151,2,3,1,1,2,2,2,2,1,11
P125184,4,4,2,2,3,3,2,3,4,7
P125229,2,1,2,2,4,3,2,4,2,11
P125232,3,1,3,3,2,3,2,3,2,6
P125237,2,2,3,2,3,4,2,2,2,11
P125389,2,2,2,2,2,3,2,2,2,6
P125405,2,2,3,3,2,2,2,2,2,8
P125496,2,2,2,2,1,1,1,1,2,8
P125506,2,1,2,1,2,3,2,3,2,8
P125509,4,2,4,4,2,4,2,4,2,5
P125528,3,1,1,2,1,1,1,2,3,10
P125565,3,4,2,3,2,2,3,2,2,8
P125574,3,3,3,3,4,2,2,1,3,12
P125590,3,4,3,4,3,4,1,3,3,5
P125595,3,3,2,4,3,3,2,2,3,10
P125597,4,2,3,4,4,4,4,4,3,7
P125669,2,2,2,2,2,2,2,1,1,9
P125689,4,1,3,4,2,3,2,4,4,11
P125728,4,4,4,4,2,3,2,4,4,3
P125890,3,1,3,3,3,3,3,2,3,10
P125952,3,2,3,3,2,3,3,2,1,8
P125961,4,2,3,2,3,4,3,3,2,11
P125964,2,1,2,2,3,2,2,1,1,8
P125996,2,2,2,2,2,2,2,1,2,9
P125999,2,2,2,2,1,1,2,1,1,12
P126033,2,2,2,1,1,2,1,1,3,9
P126049,3,1,3,3,2,3,1,2,3,8
P126130,3,2,3,2,3,3,2,2,2,8
P126210,3,3,2,2,1,1,1,1,2,11
P126278,3,2,4,4,3,3,4,3,4,9
P126321,3,3,3,3,3,3,2,3,2,8
P126324,2,1,2,3,2,1,1,2,1,8
P126343,2,2,3,2,3,4,2,2,2,11
P126346,3,3,3,3,3,4,3,3,2,9
P126357,2,1,2,3,1,3,1,1,2,12
P126361,2,2,2,3,2,2,2,2,2,6
P126364,2,2,2,3,3,1,2,2,2,11
P126372,2,2,4,2,1,3,2,2,2,10
P126440,2,1,1,2,2,1,1,2,1,9
P126452,2,1,1,3,3,2,1,2,3,8
P126454,3,3,2,3,2,1,1,1,2,10
P126498,2,3,2,4,2,2,3,2,3,7
P126504,3,3,3,3,2,2,2,1,3,10
P126507,3,2,3,3,2,3,3,2,2,5
P126516,3,2,2,3,2,2,4,3,3,7
P126537,2,1,1,1,3,2,1,1,2,9
P126579,3,4,2,2,2,2,2,2,2,9
P126596,3,2,2,2,2,2,1,2,3,8
P126611,3,3,2,3,2,2,2,2,2,10
P126661,3,2,2,3,3,2,3,3,3,4
P126663,2,1,2,2,2,3,2,2,2,9
P126744,3,2,3,4,3,4,4,2,3,11
P126773,3,3,4,4,2,3,3,3,2,5
P126782,2,1,3,3,2,3,2,1,1,9
P126813,2,3,2,2,2,2,1,2,2,9
P126817,3,3,3,4,2,1,1,3,3,9
P126832,3,3,2,3,1,2,2,3,2,6
P126833,4,2,4,4,2,4,2,3,1,11
P126848,3,1,3,3,2,3,3,3,3,5
P126856,2,2,2,3,2,2,2,2,3,9
P126875,2,1,1,2,2,3,2,2,2,6
P126902,2,2,3,3,1,2,2,2,2,6
P126964,4,2,2,4,3,4,3,4,2,7
P126974,2,1,2,3,2,3,2,2,2,7
P127033,3,1,2,2,1,1,3,1,3,7
P127035,3,1,1,2,2,3,2,3,3,9
P127036,2,1,3,3,2,1,1,1,3,9
P127079,4,1,4,4,4,4,3,2,2,10
P127086,1,1,1,2,1,1,1,2,1,5
P127088,3,2,2,4,1,2,2,3,3,10
P127143,4,2,4,3,2,2,2,2,3,8
P127156,2,3,2,2,3,2,1,1,1,11
P127163,2,2,2,2,3,4,1,2,2,9
P127187,4,4,4,4,4,4,4,4,4,10
P127203,3,1,1,3,3,4,2,2,1,7
P127204,2,2,3,3,1,3,3,1,1,11
P127209,3,2,3,3,4,4,3,3,3,6
P127226,3,3,3,3,2,1,1,1,3,6
P127241,4,4,4,3,2,4,4,3,3,7
P127245,2,1,1,4,2,2,2,1,3,7
P127254,2,2,2,2,3,3,2,2,2,8
P127258,4,3,2,2,4,4,2,2,1,8
P127303,3,2,3,3,4,4,2,2,2,9
P127306,3,1,2,2,3,3,2,1,3,8
P127308,2,2,2,2,2,2,2,2,2,10
P127328,3,1,3,3,2,3,2,1,2,8
P127338,3,2,3,4,4,2,2,2,4,6
P127388,2,2,2,3,3,3,2,2,2,10
P127486,2,2,2,2,3,3,2,1,2,18
P127490,1,1,1,2,1,1,2,1,2,9
P127508,3,3,2,3,3,3,2,3,3,9
P127543,3,4,3,4,2,3,3,4,4,8
P127676,3,1,3,2,3,3,2,3,2,9
P127702,2,1,2,2,3,2,1,2,2,10
P127723,3,2,2,1,2,3,2,2,2,7
P127725,3,3,3,2,1,2,2,2,3,3
P127741,2,2,2,2,1,3,2,2,2,7
P127743,3,2,3,3,2,2,2,1,3,10
P127759,3,3,1,2,2,3,1,3,1,9
P127764,3,4,2,1,2,3,3,3,3,5
P127775,2,1,2,2,1,2,1,2,2,7
P127807,3,1,3,3,4,3,3,3,2,10
P127813,2,1,3,2,1,1,1,1,1,6
P127837,3,2,2,4,2,3,3,3,3,5
P127867,3,3,2,3,2,1,2,2,2,8
P127876,2,1,2,2,3,3,2,1,3,7
P127966,2,2,3,3,2,3,2,2,2,7
P127974,3,3,2,2,2,2,3,3,1,3
P127978,3,3,2,3,2,3,2,2,1,5
P128012,2,2,3,2,2,4,2,1,2,3
P128048,4,2,3,3,4,4,4,2,4,7
P128050,2,2,1,2,2,2,2,1,1,10
P128072,3,2,3,3,2,3,2,2,2,7
P128208,2,1,2,3,2,3,2,3,2,10
P128276,3,3,3,3,2,3,2,3,3,7
P128307,3,2,3,3,2,3,2,2,2,7
P128332,3,1,2,3,2,3,3,3,2,10
P128344,2,2,2,2,2,3,2,3,2,5
P128378,3,1,1,2,3,3,2,2,2,8
P128393,4,4,3,3,4,2,2,4,3,7
P128416,2,1,1,3,1,1,2,1,1,9
P128437,3,1,2,3,2,3,2,1,3,5
P128442,2,1,3,2,1,2,1,1,1,9
P128443,3,4,2,3,3,3,2,2,2,8
P128534,3,2,3,3,3,4,3,2,3,9
P128628,4,1,4,4,4,4,3,2,3,8
P128644,4,4,4,4,4,4,4,4,4,9
P128768,3,2,2,3,2,2,3,2,2,7
P128831,3,1,3,3,2,2,2,2,2,8
P128832,3,1,4,4,1,3,3,2,4,9
P128867,2,2,2,2,1,1,1,2,2,9
P128887,4,3,3,3,4,4,4,3,2,6
P128891,3,2,3,3,3,3,1,2,2,16
P128904,3,1,3,2,2,2,2,3,2,5
P128905,3,1,2,3,1,2,2,1,3,10
P128909,3,2,3,4,3,3,2,3,4,9
P128919,3,4,2,3,2,1,3,2,3,5
P128938,4,2,1,4,3,4,3,2,1,11
P128939,2,1,1,2,3,2,3,2,1,11
P128940,3,1,1,2,2,2,2,2,1,11
P128950,1,2,1,1,1,2,1,1,1,10
P128968,2,2,2,2,2,2,2,2,1,5
P129156,3,2,2,3,3,3,3,3,3,7
P129267,3,1,3,3,2,2,2,4,2,7
P129326,2,2,2,2,2,2,2,2,2,9
P129342,3,1,3,3,3,2,2,2,3,4
P129397,2,1,2,2,3,2,2,2,2,7
P129401,3,2,3,2,1,1,1,2,2,8
P129408,3,2,3,3,2,3,3,2,2,7
P129431,3,2,2,2,3,1,1,2,2,10
P129472,3,1,3,2,3,3,3,2,2,7
P129524,3,2,3,3,3,2,2,3,3,8
P129539,2,2,2,3,2,2,2,2,2,8
P129563,3,2,2,3,1,1,1,1,3,8
P129565,2,1,1,2,3,3,2,1,1,9
P129600,3,1,4,3,2,3,2,1,2,6
P129633,2,2,2,2,3,2,1,1,2,4
P129640,3,1,4,3,2,2,2,2,3,5
P129647,2,2,2,2,1,2,1,2,2,7
P129663,3,3,3,3,3,3,3,3,3,10
P129688,1,1,2,2,1,2,1,2,1,8
P129713,4,3,3,4,3,4,3,2,3,8
P129774,2,1,2,2,2,2,2,1,1,10
P129791,3,3,2,4,1,1,2,3,3,7
P129825,3,1,3,3,1,1,2,2,2,7
P129828,3,2,3,3,2,3,2,2,3,8
P129847,2,2,2,2,2,3,2,2,2,8
P129861,2,1,2,2,3,4,2,2,2,9
P129920,3,3,3,4,3,4,3,1,2,7
P129961,2,1,2,2,2,2,2,2,1,7
P129992,3,3,3,4,2,4,2,2,4,7
P130013,2,2,2,3,1,1,2,2,2,7
P130014,2,2,2,2,1,2,2,1,1,8
P130091,3,1,3,3,4,3,2,2,2,11
P130164,2,2,2,3,1,1,2,2,3,10
P130174,4,4,4,4,2,4,4,4,4,9
P130182,2,2,2,2,1,1,1,2,2,7
P130193,3,1,3,4,3,4,3,4,3,4
P130202,4,1,2,4,3,4,4,4,4,9
P130222,3,2,3,3,3,4,3,3,3,8
P130276,3,3,4,4,2,3,2,2,4,8
P130299,2,1,3,2,1,1,2,1,1,9
P130328,3,2,3,3,3,4,3,2,3,11
P130339,3,2,2,4,2,3,2,2,2,12
P130343,1,1,1,1,1,1,2,1,1,8
P130413,2,2,2,2,2,2,2,1,2,7
P130421,2,1,2,2,2,2,1,1,1,7
P130471,2,2,2,2,2,3,2,2,2,10
P130474,2,3,2,2,2,1,2,3,2,5
P130492,3,1,1,4,3,3,4,2,2,7
P130512,2,1,1,1,2,1,2,2,1,9
P130544,3,2,3,3,1,2,3,3,3,4
P130548,3,3,2,3,2,2,2,4,3,7
P130592,3,1,4,4,1,3,4,4,4,4
P130682,2,2,2,2,3,2,1,2,2,7
P130694,3,2,3,3,2,4,3,3,2,8
P130710,4,2,3,3,3,4,4,4,4,4
P130735,3,3,3,3,2,2,3,3,3,7
P130786,3,1,2,3,1,1,1,3,3,8
P130801,3,1,3,3,3,3,2,2,2,9
P130819,3,1,3,3,3,3,2,2,2,9
P130835,4,2,4,4,3,4,3,4,3,9
P130840,3,2,3,3,2,3,2,2,2,6
P130864,1,1,1,1,2,2,2,1,1,8
P130865,4,2,2,2,4,4,1,2,1,10
P130871,3,2,3,3,3,3,2,3,2,2
P130878,3,1,3,3,3,3,3,2,3,8
P130888,2,1,2,2,2,1,1,2,2,6
P130891,3,1,1,2,4,4,2,1,2,6
P131013,2,1,2,4,1,2,2,2,1,7
P131029,3,1,1,3,2,3,2,2,3,9
P131049,2,2,3,3,2,2,2,3,2,9
P131084,4,2,3,4,3,4,4,2,3,6
P131094,2,2,2,2,2,3,2,2,1,9
P131118,3,3,2,3,2,2,2,3,3,5
P131194,3,2,2,3,2,2,1,2,2,9
P131201,3,2,3,2,2,2,3,3,3,6
P131228,3,2,3,4,3,3,3,2,2,3
P131235,1,2,2,2,1,2,1,2,2,9
P131256,3,2,2,2,2,2,3,2,3,6
P131263,2,2,2,1,1,4,3,1,1,33
P131290,3,1,3,3,3,4,3,3,3,7
P131323,3,3,2,3,3,2,1,3,1,7
P131324,3,3,3,4,3,3,3,2,2,5
P131331,2,2,3,2,2,2,1,3,2,10
P131394,3,2,3,3,3,3,2,2,2,9
P131408,2,2,2,2,2,2,2,2,2,5
P131426,4,2,4,4,4,4,4,4,4,5
P131464,3,2,3,3,2,1,1,4,3,6
P131550,4,4,4,3,3,4,4,4,3,6
P131558,2,2,2,1,1,2,1,2,1,6
P131592,2,2,3,2,2,3,2,3,1,5
P131655,3,3,2,4,2,3,2,3,3,5
P131659,4,2,3,3,3,4,2,4,2,7
P131660,2,2,3,2,3,3,2,2,1,7
P131709,2,2,2,1,2,2,2,2,2,8
P131765,3,4,3,3,1,1,2,1,2,7
P131778,3,3,2,3,1,2,1,2,2,4
P131825,3,1,3,3,2,2,2,2,3,9
P131850,3,2,3,4,3,4,2,2,3,6
P131864,3,2,4,4,3,4,3,1,2,7
P131965,2,2,2,3,3,2,1,2,2,7
P131973,4,2,3,4,4,4,3,4,2,8
P132101,3,3,2,3,3,3,3,3,2,9
P132123,3,2,3,3,2,3,2,3,2,5
P132154,3,3,2,3,2,1,2,2,3,9
P132157,3,2,3,2,2,2,2,3,2,7
P132173,3,2,2,3,1,1,1,3,2,8
P132268,2,2,3,1,2,3,1,2,2,6
P132270,3,2,3,3,3,4,3,2,3,6
P132277,3,2,3,3,2,1,2,2,3,6
P132306,2,2,2,1,2,4,3,2,2,8
P132308,3,2,3,3,2,4,3,3,2,4
P132314,1,1,2,1,2,2,1,2,1,8
P132317,2,2,2,3,2,3,2,3,2,7
P132381,4,1,2,4,4,4,3,3,4,6
P132386,3,2,3,3,3,4,3,3,2,5
P132405,3,1,3,3,2,3,2,2,2,6
P132418,2,2,3,3,1,2,2,2,1,6
P132431,2,1,2,2,3,2,2,2,2,8
P132443,3,2,2,3,3,3,3,2,1,5
P132490,2,2,2,3,2,2,2,2,2,6
P132500,4,2,3,4,3,4,3,4,2,11
P132505,3,3,1,4,1,4,1,3,2,7
P132515,3,2,2,3,2,3,3,2,3,3
P132562,3,3,3,3,2,1,2,2,2,2
P132585,3,1,3,4,1,3,3,2,3,8
P132616,3,1,3,3,2,4,4,3,2,8
P132617,3,2,4,4,4,4,3,2,3,8
P132620,3,1,2,2,1,1,1,2,2,3
P132621,3,3,2,3,2,1,2,2,3,5
P132623,2,2,2,2,2,2,2,2,2,5
P132634,3,2,3,3,1,3,3,2,2,9
P132652,2,2,2,3,3,3,2,2,2,10
P132667,3,1,3,3,2,3,3,2,3,6
P132698,3,2,2,4,2,2,2,2,2,6
P132739,3,2,2,3,1,2,2,2,2,7
P132741,3,2,2,2,3,3,3,3,2,5
P132742,3,1,2,3,3,4,3,2,2,9
P132750,4,3,4,2,2,4,4,1,1,7
P132754,3,2,4,4,2,3,3,2,3,3
P132775,2,2,2,2,1,2,1,2,3,5
P132821,3,3,4,4,3,3,3,3,3,5
P132833,3,3,3,3,2,3,2,1,2,3
P132846,3,3,3,3,2,2,2,3,3,4
P132873,3,2,2,3,1,1,2,2,2,5
P132944,4,4,3,4,4,3,3,3,3,3
P132979,4,2,2,3,4,3,3,4,4,5
P132982,2,2,3,2,3,3,2,2,2,5
P133000,3,2,3,3,1,2,2,2,3,5
P133017,3,3,2,2,1,1,2,2,3,6
P133018,2,1,2,2,2,2,1,2,1,6
P133021,3,2,3,3,1,2,1,2,2,7
P133045,3,1,4,3,3,3,2,2,2,5
P133069,3,3,3,3,2,3,2,2,3,7
P133070,3,1,3,3,3,2,1,1,2,7
P133079,3,2,2,3,4,2,2,2,2,7
P133114,3,2,3,3,2,1,2,2,3,7
P133116,3,2,2,3,1,2,2,2,3,7
P133117,3,3,2,3,1,1,2,2,3,5
P133129,3,2,2,2,3,3,2,2,2,5
P133133,3,2,3,3,1,4,2,3,2,8
P133184,3,3,3,4,2,2,2,3,4,7
P133193,3,1,2,2,2,2,2,3,3,5
P133195,2,2,3,3,2,2,3,2,2,5
P133261,3,2,2,4,1,2,1,1,3,6
P133288,2,2,2,3,2,2,2,2,2,4
P133305,3,3,3,3,2,3,2,1,1,3
P133312,3,3,3,3,2,3,3,3,3,4
P133326,3,2,2,3,1,2,1,1,3,5
P133327,2,1,2,2,3,3,2,2,2,9
P133333,3,1,2,3,2,2,2,3,3,7
P133338,4,2,4,3,3,4,3,2,3,7
P133352,3,2,1,3,2,4,3,3,4,6
P133424,3,1,3,3,3,3,2,2,2,6
P133445,3,2,3,4,3,3,2,3,2,6
P133446,3,2,3,4,2,3,3,2,2,6
P133456,3,3,2,3,2,2,2,2,3,5
P133531,3,2,1,2,3,2,2,1,2,7
P133557,2,2,2,3,1,2,1,2,2,8
P133590,3,3,1,2,2,3,1,1,1,6
P133591,1,3,1,3,1,2,1,2,1,7
P133597,3,1,3,3,2,2,2,2,3,6
P133610,4,3,3,4,4,4,3,3,2,5
P133613,4,2,4,4,2,4,4,2,3,7
P133620,3,2,4,3,2,3,2,3,2,7
P133653,2,2,2,3,2,3,2,2,2,8
P133703,2,2,2,2,3,3,2,1,2,7
P133705,2,1,2,2,2,2,1,1,1,7
P133731,3,1,3,2,4,2,2,3,2,5
P133780,3,3,3,3,3,3,1,3,2,6
P133828,2,2,2,2,2,2,2,2,2,6
P143036,3,2,3,3,3,3,2,2,2,7
P143055,3,2,3,3,3,3,2,1,3,6
P143064,2,1,2,2,2,2,2,2,2,5
P143184,2,1,1,3,1,1,1,1,4,6
P143185,2,1,2,3,2,2,1,1,1,3
P143197,3,1,2,3,3,3,2,2,2,5
P143274,4,1,3,4,3,3,3,3,3,7
P143302,3,3,2,3,2,3,2,2,2,7
P143332,2,2,2,3,2,3,2,2,2,4
P143334,3,1,4,4,3,3,1,2,2,4
P143367,1,1,3,2,1,1,1,1,2,7
P143382,2,2,3,3,3,4,3,2,2,8
P143408,4,4,2,3,3,1,3,4,4,8
P143417,4,3,4,3,2,4,3,3,3,7
P143492,3,2,2,2,1,3,1,3,3,5
P143580,2,1,2,3,1,3,3,1,2,6
P143588,2,1,3,3,3,2,2,2,1,6
P143594,4,2,4,4,4,4,2,4,3,6
P143608,3,1,2,3,1,1,1,2,3,5
P143650,3,1,3,2,4,4,2,2,3,8
P143652,3,1,3,2,2,2,3,2,2,7
P143689,2,2,2,2,2,2,2,1,2,4
P143751,2,3,2,2,2,1,2,3,2,6
P143801,3,2,2,2,2,4,2,2,2,5
P143841,3,3,4,3,4,3,3,2,2,9
P143842,4,2,4,4,4,4,3,4,2,4
P143843,3,1,2,2,2,3,2,2,2,7
P143844,2,2,1,2,2,3,2,2,2,6
P143849,3,2,2,2,3,3,2,1,2,8
P143914,1,1,1,1,1,1,1,1,1,7
P143915,4,3,4,3,4,4,2,2,2,8
P143921,3,2,2,3,2,3,2,2,2,6
P143940,3,3,3,3,3,3,2,2,1,8
P143988,3,3,3,3,1,2,3,2,2,8
P143993,3,2,3,3,2,2,3,2,2,7
P143995,3,1,3,3,2,2,3,2,4,6
P143996,3,2,4,3,4,3,3,3,2,9
P144029,4,2,4,4,2,3,2,4,4,4
P144102,2,2,3,3,3,3,2,1,2,5
P144103,3,1,2,4,3,3,3,2,3,6
P144134,3,1,2,3,1,3,2,2,1,8
P144135,4,2,2,4,3,3,4,3,4,4
P144139,4,1,4,4,4,4,2,2,2,6
P144140,1,1,2,2,2,1,1,1,1,6
P144183,1,2,1,1,2,2,1,2,1,3
P144270,2,1,1,2,1,1,1,1,1,6
P144271,3,4,3,3,2,3,2,3,2,5
P144305,4,1,2,4,3,3,2,4,2,6
P144335,4,3,3,4,1,4,4,2,4,9
P144336,3,1,4,4,3,3,3,3,3,4
P144442,4,3,3,3,2,3,3,3,3,7
P144447,1,1,2,1,1,1,1,2,1,6
P144454,4,2,3,3,4,4,3,4,3,4
P144489,4,2,4,3,4,3,3,2,2,6
P144497,3,1,3,3,1,3,1,1,3,4
P144531,2,1,1,2,1,1,1,1,1,6
P144534,2,3,1,2,2,3,2,1,1,5
P144573,3,3,3,3,3,2,2,2,3,5
P144597,3,2,4,4,2,2,2,3,3,3
P144614,4,3,3,4,3,4,3,3,3,6
P144637,3,2,3,3,2,3,2,2,2,4
P144688,3,1,1,3,2,4,3,3,2,6
P144700,3,3,3,2,3,4,3,3,3,6
P144726,2,2,3,3,2,2,2,3,2,4
P144832,3,1,3,4,3,2,3,3,4,8
P144856,3,1,2,2,1,3,1,2,3,6
P144893,3,2,3,3,4,3,3,2,2,6
P144933,3,1,1,2,4,4,1,2,1,8
P144952,2,1,2,2,2,2,2,2,2,6
P145037,4,2,3,2,2,4,2,2,2,5
P145040,2,2,2,3,2,2,2,2,2,3
P145054,4,2,2,3,3,4,3,4,2,6
P145055,3,2,3,2,3,3,2,3,3,5
P145057,4,1,3,4,3,3,4,2,4,8
P145101,3,4,3,4,2,3,2,3,1,7
P145162,2,2,1,1,2,2,2,2,2,8
P145171,3,1,2,2,2,4,4,3,4,5
P145174,3,2,3,4,3,3,3,2,3,8
P145196,4,2,2,3,4,4,1,1,3,6
P145234,3,2,2,3,1,3,3,3,3,5
P145261,3,1,2,3,3,3,2,2,3,5
P145263,2,1,2,2,3,4,2,1,2,6
P145268,3,2,3,3,3,3,3,2,4,7
P145309,3,3,3,3,3,3,4,3,3,4
P145317,3,1,2,2,3,4,3,3,2,4
P145335,3,1,2,3,3,3,3,2,2,7
P145347,4,4,3,3,1,4,3,2,2,3
P145391,2,3,1,2,2,2,2,2,2,4
P145502,3,2,2,3,1,2,1,1,3,7
P145529,3,2,1,2,1,1,1,2,1,7
P145533,3,3,2,3,1,2,2,3,2,4
P145534,3,3,3,3,2,3,2,2,2,7
P145544,2,2,3,3,2,2,2,1,3,7
P145545,3,3,3,3,2,1,1,1,2,8
P145554,3,1,3,3,4,4,2,3,3,6
P145559,4,4,3,3,2,3,2,3,3,5
P145566,3,2,2,3,3,4,3,2,2,3
P145585,3,1,2,3,2,2,3,2,3,5
P145586,2,1,2,2,1,1,2,2,3,6
P145610,4,3,2,4,2,3,4,4,4,4
P145617,3,1,3,3,3,2,2,3,2,5
P145618,3,2,2,2,2,2,2,2,3,4
P145621,2,2,2,1,1,2,2,2,2,6
P145634,4,4,4,3,4,4,2,4,2,6
P145686,3,2,2,2,2,2,2,3,2,3
P145699,3,1,3,3,3,3,3,3,3,4
P145741,3,3,2,3,3,3,3,2,2,6
P145747,3,2,3,3,3,4,3,3,4,6
P145765,2,1,2,2,3,3,1,2,2,3
P145778,4,4,2,4,2,2,3,1,2,6
P145782,1,1,1,1,3,1,1,2,1,6
P145792,1,1,2,1,1,1,1,1,2,7
P145799,3,2,3,3,2,3,2,3,1,7
P145813,3,1,3,3,3,3,2,2,2,5
P145848,3,2,2,2,2,3,2,3,2,6
P145861,3,1,3,3,3,3,2,3,2,6
P145965,3,1,3,4,3,4,2,2,3,7
P146007,2,2,2,2,2,3,2,2,2,6
P146015,4,2,3,3,3,4,3,3,3,7
P146143,2,1,1,2,2,2,1,2,1,7
P146152,3,1,4,4,2,2,2,4,2,3
P146184,3,2,3,3,4,3,2,2,3,3
P146194,2,1,2,2,3,2,2,2,1,6
P146199,2,2,3,2,3,2,2,1,2,5
P146244,1,1,1,2,2,2,1,1,1,6
P146247,3,3,4,3,2,1,3,1,2,3
P146248,2,3,2,3,2,2,2,2,2,6
P146250,3,1,3,4,3,4,3,3,2,6
P146294,3,1,4,3,2,3,2,2,2,4
P146314,2,1,2,2,2,2,2,1,2,6
P146318,3,1,3,3,3,3,2,1,3,6
P146319,4,2,3,4,3,4,3,4,2,6
P146328,3,2,3,3,3,3,3,3,3,4
P146332,3,3,3,2,2,3,2,3,2,6
P146334,3,2,3,4,3,3,3,2,3,4
P146344,3,1,3,4,3,4,3,2,2,5
P146451,3,1,3,3,3,3,2,4,2,4
P146460,2,2,1,1,3,2,1,1,1,7
P146464,3,3,3,3,3,3,3,1,3,5
P146474,3,1,3,3,3,3,3,3,3,6
P146482,4,4,4,4,2,4,2,3,3,5
P146502,3,3,2,2,3,4,2,2,1,4
P146515,3,1,2,2,1,2,1,3,4,5
P146520,3,1,3,3,1,4,3,2,2,6
P146653,2,2,2,2,2,2,1,2,2,8
P146666,2,2,2,2,3,2,2,2,2,2
P146688,3,1,3,3,3,3,3,2,3,5
P146696,4,3,2,4,3,4,4,4,2,6
P146788,2,1,1,1,2,3,2,1,1,6
P146797,3,3,3,4,3,4,3,3,3,5
P146804,3,1,2,4,2,3,3,2,2,3
P146827,3,3,3,3,3,4,3,3,3,3
P146830,4,3,3,4,3,3,3,4,3,4
P146831,3,1,2,3,2,2,3,2,2,5
P146877,2,1,2,3,2,2,1,2,1,7
P146883,3,3,3,2,2,4,3,3,2,6
P146933,3,2,3,3,3,3,2,2,2,3
P146965,3,2,3,3,3,2,1,1,3,3
P146970,2,3,2,2,2,3,2,2,3,5
P146994,3,1,3,4,3,2,3,3,3,6
P146997,3,1,2,3,3,2,2,2,2,3
P147006,3,2,2,3,1,3,4,3,2,8
P147010,3,2,3,2,3,3,2,2,2,5
P147050,3,1,2,3,2,2,2,3,3,5
P147157,2,1,2,2,2,2,1,2,1,6
P147183,1,1,1,1,2,2,2,1,1,6
P147185,2,2,2,2,2,2,1,2,2,6
P147212,3,1,2,3,2,2,3,3,4,7
P147213,3,2,2,3,3,2,3,2,3,5
P147250,2,1,2,3,2,2,1,2,2,6
P147272,2,1,2,2,2,1,2,1,2,3
P147277,2,2,2,3,1,2,2,2,1,3
P147280,3,3,3,3,4,3,2,2,3,3
P147343,3,1,2,3,2,2,3,3,3,6
P147348,3,3,1,3,2,2,1,2,2,5
P147356,3,4,2,2,1,3,2,2,2,5
P147367,2,2,2,2,1,2,1,1,1,5
P147381,3,3,2,3,2,1,2,3,2,3
P147402,3,1,4,4,4,4,4,3,3,9
P147460,2,3,2,2,2,3,2,3,3,4
P147489,3,2,3,2,3,3,3,2,3,6
P147499,3,3,2,3,3,3,2,3,2,3
P147514,2,1,3,3,2,2,2,2,2,9
P147521,2,2,2,2,2,2,2,2,2,5
P147555,3,2,3,3,3,3,2,2,3,5
P147629,3,3,4,4,2,4,3,3,3,6
P147638,3,2,4,3,3,3,2,4,3,5
P147665,3,2,3,3,3,2,2,2,3,6
P147674,3,2,3,3,3,4,2,3,3,6
P147689,2,2,2,2,2,2,2,2,2,8
P147705,3,1,3,3,3,3,2,1,2,5
P147740,3,1,3,3,2,2,2,2,3,6
P147758,3,1,3,3,4,3,3,1,3,5
P147760,2,1,3,3,2,2,2,1,1,5
P147827,3,2,3,3,2,3,3,3,2,4
P147839,3,1,3,3,2,2,3,2,3,5
P147924,2,2,2,2,2,1,2,2,2,7
P148013,2,1,2,4,3,2,1,2,3,5
P148023,2,1,2,2,4,2,2,1,2,6
P148048,1,2,3,1,2,1,1,1,1,6
P148052,3,2,4,4,3,3,2,2,3,6
P148062,2,1,2,2,3,3,2,2,2,5
P148071,3,2,3,3,1,1,2,2,2,4
P148110,2,1,1,3,1,2,2,1,1,7
P148114,3,1,3,3,3,3,3,3,2,6
P148127,3,2,3,3,3,3,2,1,2,4
P148129,3,2,2,3,2,1,2,2,3,4
P148181,2,2,3,3,2,2,2,2,2,4
P148183,2,3,2,2,3,3,1,2,2,5
P148238,1,1,2,3,1,1,1,1,1,6
P148259,4,2,3,4,3,4,4,3,3,4
P148291,3,2,3,3,4,3,3,3,2,4
P148294,3,2,3,3,2,1,3,2,3,3
P148447,3,2,3,2,2,3,1,2,3,3
P148499,3,2,3,3,3,3,3,3,3,4
P148523,3,3,2,3,2,1,2,2,3,3
P148527,3,2,3,3,2,2,2,2,2,3
P148560,3,2,3,4,2,2,2,2,2,8
P148585,2,1,3,2,2,3,1,2,1,5
P148591,3,3,3,3,2,3,2,3,1,4
P148599,2,2,2,2,2,1,2,1,2,4
P148604,3,2,2,3,1,2,1,2,3,7
P148647,3,2,3,3,2,3,3,2,3,3
P148737,3,3,3,4,3,3,1,2,3,5
P148797,4,3,3,4,4,4,2,3,3,6
P148809,4,3,4,4,2,4,3,3,4,5
P148836,3,1,2,4,3,2,3,3,3,4
P148839,3,2,3,2,3,3,2,2,2,4
P148850,2,3,3,3,2,3,1,2,2,4
P148853,3,3,2,3,2,3,2,3,3,4
P148868,2,2,2,2,2,1,2,3,2,6
P148970,3,2,3,3,3,3,3,3,2,4
P149005,2,1,2,3,3,3,2,2,2,4
P149049,4,3,2,3,2,4,2,4,2,3
P149091,3,2,2,3,2,2,2,2,3,4
P149117,3,3,3,3,2,3,3,2,2,3
P149130,3,2,2,3,2,2,2,2,2,5
P149176,3,2,3,4,4,4,3,2,3,4
P149182,3,1,3,3,1,2,2,3,1,3
P149233,4,2,4,4,3,4,3,2,3,5
P149242,2,2,2,2,3,3,3,2,2,6
P149277,3,1,3,3,3,3,2,2,2,3
P149282,3,2,2,3,1,2,2,2,3,4
P149286,2,2,2,2,2,3,2,3,1,4
P149322,4,2,3,3,4,4,3,3,3,4
P149323,3,2,3,3,2,4,3,2,3,4
P149377,2,1,2,2,4,2,1,1,2,3
P149410,3,1,3,2,3,3,2,2,1,6
P149493,3,2,3,3,2,3,2,2,3,5
P149526,3,2,2,2,2,4,2,1,2,4
P149553,3,2,3,3,2,3,3,1,2,4
P149599,2,2,3,3,2,2,3,2,2,4
P149605,2,2,2,2,2,2,2,2,2,5
P149670,2,1,1,2,1,2,1,3,2,4
P149683,4,2,3,4,2,3,2,2,4,3
P149697,2,2,2,2,2,2,2,1,2,5
P149714,3,2,3,3,2,4,3,4,3,5
P149724,3,2,1,2,3,3,3,3,3,8
P149858,2,1,3,2,2,2,2,1,1,5
P149872,3,1,3,2,1,2,1,1,3,3
P149884,4,1,3,3,4,4,3,2,3,7
P149895,2,1,1,2,1,1,1,1,2,6
P149913,3,1,2,3,2,3,2,2,3,4
P149952,3,2,2,2,2,2,2,1,4,3
P149953,2,1,3,2,2,1,1,1,3,3
P149955,2,2,1,2,2,3,2,1,2,3
P149960,4,4,3,4,3,4,1,3,4,6
P149965,2,2,2,2,2,3,2,2,2,4
P149969,3,2,3,3,1,3,2,2,2,3
P149971,4,2,4,4,4,3,3,2,2,3
P150028,2,3,2,3,2,3,2,2,2,5
P150058,3,1,3,3,2,3,1,3,4,4
P150066,3,4,3,3,3,4,3,2,2,4
P150080,3,1,3,3,4,2,3,3,4,5
P150113,4,3,2,3,2,3,2,4,3,6
P150148,3,1,4,3,2,4,2,3,2,3
P150158,3,3,2,2,1,1,2,1,1,5
P150183,3,1,3,3,2,3,2,2,3,5
P150327,3,3,3,3,3,2,1,2,2,3
P150351,2,1,2,1,1,1,2,1,1,4
P150357,3,2,3,3,3,3,2,2,2,4
P150374,4,1,2,4,1,4,1,4,2,2
P150381,3,1,3,2,4,2,2,4,2,4
P150394,3,2,3,3,1,3,1,3,2,4
P150395,3,3,2,2,1,2,3,2,3,5
P150402,2,2,1,2,2,3,2,2,3,5
P150430,3,1,3,3,2,2,2,1,3,5
P150481,3,3,3,4,4,4,4,2,4,7
P150520,3,2,2,3,3,3,2,2,2,6
P150572,3,2,3,3,3,3,3,3,2,3
P150631,3,2,4,3,2,4,1,3,3,2
P150634,3,2,2,3,1,3,3,2,3,3
P150696,3,2,3,3,2,2,2,2,3,4
P150754,3,2,2,3,3,4,3,2,2,5
P150827,3,1,3,4,2,3,2,1,2,5
P150844,3,3,3,3,1,1,1,2,2,3
P150922,2,2,2,3,2,2,2,2,2,3
P150929,3,3,3,3,3,3,3,2,2,4
P150930,3,2,2,3,2,2,1,3,3,5
P150938,2,2,2,2,2,4,2,1,2,4
P151058,3,2,3,3,2,3,3,3,2,3
P151059,3,2,3,3,2,3,3,2,3,4
P151077,3,3,2,3,2,2,3,2,3,3
P151083,4,4,4,3,3,4,3,4,3,4
P151089,4,2,3,3,4,4,3,3,3,3
P151102,3,2,3,3,2,3,3,1,1,3
P151157,3,2,2,2,2,2,1,3,3,6
P151215,3,3,3,3,4,4,3,3,3,5
P151318,3,3,3,3,2,3,2,3,2,4
P151363,4,2,4,4,2,4,3,4,3,3
P151416,2,4,1,2,3,3,2,2,3,4
P151425,3,2,4,4,3,3,3,2,4,4
P151439,3,3,4,2,4,3,3,2,2,4
P151442,3,1,3,3,3,3,3,3,3,2
P151447,3,1,3,2,4,3,3,1,2,5
P151451,3,2,3,3,2,2,2,2,3,4
P151469,3,2,3,3,2,3,4,3,3,3
P151492,4,1,4,3,4,3,2,3,3,3
P151544,2,2,1,1,1,1,1,1,2,7
P151712,2,3,3,2,2,3,2,3,2,3
P151744,3,2,2,3,1,1,2,1,3,2
P151754,3,2,2,2,2,2,2,2,3,5
P151760,3,3,2,2,2,2,2,3,3,5
P151777,3,3,2,3,2,2,3,3,3,5
P151780,3,3,2,3,2,2,2,3,3,5
P151785,4,2,3,4,1,4,3,3,2,3
P151816,2,1,2,1,2,3,2,1,2,4
P151831,3,1,4,4,2,3,1,2,3,2
P151832,3,2,3,3,2,3,1,2,2,2
P151847,3,2,3,4,2,3,2,2,2,3
P151869,3,2,3,3,4,4,3,3,2,3
P151916,3,2,4,3,2,2,3,2,3,4
P151934,3,1,3,3,2,3,2,2,2,4
P151963,3,3,3,3,4,3,2,2,2,4
P151972,3,1,3,3,2,2,2,3,2,5
P152018,1,2,1,1,1,1,1,2,1,4
P152039,2,1,2,2,2,1,2,1,3,4
P152096,3,3,4,3,4,3,3,3,3,3
P152104,3,2,3,3,3,3,3,3,3,4
P152130,3,1,4,4,3,3,3,2,4,4
P152136,2,1,2,2,2,2,1,2,2,5
P152210,3,1,2,3,1,1,1,2,3,5
P152241,4,2,4,4,4,4,2,3,3,3
P152309,4,3,4,3,2,3,2,4,3,4
P152358,4,2,4,4,4,3,3,4,3,3
P152359,4,3,4,4,4,4,3,2,3,8
P152394,3,2,3,4,2,4,2,3,3,3
P152398,4,2,2,4,4,4,3,3,2,3
P152441,3,1,3,3,3,3,2,1,3,3
P152512,4,2,4,4,3,4,2,3,3,4
P152625,3,2,3,3,3,2,3,3,3,3
P152646,3,1,3,3,2,4,2,1,3,5
P152653,2,1,2,2,1,2,2,1,1,4
P152659,4,2,2,4,4,3,4,1,2,3
P152799,2,1,3,3,2,3,1,1,3,4
P152851,3,3,3,4,2,2,2,1,3,3
P152898,4,1,3,4,2,4,3,2,1,5
P152903,3,3,3,3,2,4,3,3,3,4
P152910,3,2,3,3,3,3,3,2,3,2
P152932,3,1,3,3,3,4,2,2,2,3
P152936,4,3,4,4,2,4,4,3,4,4
P153064,3,2,3,3,3,2,3,2,3,3
P153085,4,3,3,4,3,4,3,2,2,4
P153268,2,1,2,3,1,2,2,2,2,3
P153277,3,2,3,3,2,3,1,1,3,2
P153338,2,1,2,2,2,2,2,2,2,3
P153420,3,3,3,3,3,3,3,2,2,3
P153437,2,2,3,3,2,2,3,2,3,3
P153487,3,1,3,3,1,2,2,3,1,3
P153702,3,1,3,4,1,3,3,1,2,3
P153743,3,2,3,3,1,2,3,1,1,3
P153744,3,2,3,3,1,3,3,2,3,3
P154036,3,2,3,3,2,3,3,2,3,4
P154114,3,3,3,4,3,4,3,3,2,3
P154149,4,1,3,4,3,4,4,4,3,5
P154219,2,1,2,2,2,2,3,2,2,3
P154263,2,2,3,3,2,3,2,3,2,3
P154278,4,3,3,3,2,3,2,4,4,4
P154387,3,2,3,3,2,2,3,2,3,3
P154464,2,1,2,2,2,2,1,1,1,4
P154523,2,2,3,3,1,2,2,1,2,3
P154524,2,1,2,2,3,3,2,2,2,2
P154577,3,2,3,3,2,4,3,2,2,3
P154803,3,2,3,3,3,3,2,2,2,5
P154839,3,2,3,3,2,2,3,2,3,4
P154840,3,2,3,3,2,2,3,2,3,4
P154847,3,3,3,2,1,2,2,2,2,4
P154861,3,2,3,2,4,3,2,2,2,4
P154875,4,1,4,3,4,3,3,3,3,3
P154990,3,3,3,3,1,2,3,3,3,3
P155097,3,2,3,3,2,2,3,2,3,4
P155121,3,1,3,3,3,3,2,3,2,3
P155256,3,1,3,3,2,2,3,2,1,5
P155257,3,1,3,3,2,2,3,2,1,5
P155542,3,1,3,3,2,2,3,2,3,5
P155658,3,2,3,3,2,2,2,3,3,2
P155732,4,3,4,3,3,4,2,4,3,5
P155947,3,2,4,3,3,3,3,2,3,4
P155969,3,3,4,3,1,3,2,3,3,4
P156001,3,1,3,3,3,3,3,3,2,3
P156021,2,2,2,2,2,2,2,2,2,3
P156257,4,2,4,3,3,4,3,3,2,3
P156363,3,1,3,3,1,1,1,2,3,4
P156505,3,3,3,3,2,3,2,1,2,3
P156559,2,2,2,2,4,3,3,3,2,3
P156679,3,1,3,3,2,2,2,2,3,3
P157291,3,3,4,3,3,3,3,3,3,2
P157324,3,3,4,3,4,3,2,2,3,3
P157691,2,1,1,1,2,2,2,1,1,3
